sex,education,wage,sector
2,15,32241.3484503038,personal
2,16,70051.4974000936,education
1,13,35248.5072111697,manufacturing
2,12,15535.130310171,health
2,12,9334.15596080038,education
1,13,33307.5134840823,personal
1,13,33786.778025097,professional
2,17,108974.318188773,professional
2,11,12067.1595169225,manufacturing
2,14,18756.3731702603,manufacturing
1,12,29857.7542046852,manufacturing
2,16,60856.3779978233,education
2,12,21025.5271105184,manufacturing
1,14,24884.6549688931,education
2,20,467830.182729041,education
1,13,73658.3763076785,personal
1,11,13550.2078939201,retail
2,12,11300.6755569998,manufacturing
2,13,13027.2438570109,education
2,13,28995.6172223729,manufacturing
2,13,19304.2651741932,retail
1,17,98603.9466934715,manufacturing
2,15,28637.4070318798,manufacturing
2,18,215163.698294268,professional
2,14,21341.7257188991,health
2,17,85779.6400947343,manufacturing
2,9,2842.408559606,health
1,15,67563.978178615,manufacturing
2,16,129916.623480297,professional
1,13,44432.6436371406,manufacturing
2,17,123651.894526423,education
1,15,55585.9949250008,professional
1,16,68636.5504122942,education
1,14,33573.2617536681,manufacturing
1,16,98552.4929830214,professional
2,13,29447.3174299953,retail
2,12,10589.38835938,manufacturing
1,13,30321.1616736509,manufacturing
2,14,15593.7926943696,education
1,16,130234.467896505,professional
1,13,30196.2266505861,manufacturing
1,14,18861.3756665236,education
2,16,43944.0433087425,health
2,15,39987.7060181557,manufacturing
1,19,280901.363343565,professional
1,12,17413.7385073412,retail
1,16,120862.660058621,professional
2,15,58365.9986763006,manufacturing
2,13,13049.6328577791,manufacturing
2,14,26242.0413188219,retail
1,13,17773.133265159,education
2,14,27097.0928209741,manufacturing
2,16,100563.546285795,professional
1,11,12124.7861057596,retail
1,16,62248.0572718768,professional
1,16,139135.106629764,professional
2,13,12086.5459313288,retail
1,14,43707.3349600483,manufacturing
2,14,27213.0328569967,professional
1,15,83697.5632449198,professional
2,15,58800.278564308,manufacturing
1,15,106955.41382116,professional
2,13,22706.6785944843,retail
2,14,25864.2726022561,manufacturing
2,17,64931.4440394449,education
2,14,22254.5564653828,retail
2,16,36027.8167991438,personal
1,13,36197.7048306337,manufacturing
1,15,52045.7978945336,health
1,14,37019.5834652378,personal
2,18,244200.321852402,education
1,11,22768.420027238,personal
2,14,40143.571133251,manufacturing
1,14,33696.8822069532,personal
2,11,7183.45819139133,health
1,17,174950.231191168,professional
1,16,75174.2183998446,manufacturing
1,14,45400.4277545696,retail
2,16,88026.2351523533,professional
1,12,20573.8564610265,retail
1,15,55657.9414543839,professional
2,13,9622.77612383811,education
2,14,18059.6168270073,retail
2,16,66237.0229657982,health
2,12,23237.2678786952,personal
1,13,35786.6128953974,manufacturing
2,14,40088.0211380725,health
2,13,16468.7806107146,retail
1,16,67532.3505270873,health
2,18,132320.415496579,professional
1,12,10493.9209410192,health
1,13,26167.9974383988,professional
2,15,52819.7761867903,professional
2,13,37668.9478956792,personal
2,18,128271.960350478,education
1,18,234149.038669755,health
2,15,59572.6881230213,professional
1,16,67914.0364298542,health
1,14,84461.6683828699,professional
1,15,59564.0252164707,professional
1,18,241596.451239776,professional
2,14,48911.2704004056,health
1,17,143214.431130299,education
2,15,37841.52088834,retail
1,14,32232.4290682494,professional
2,15,27105.5546494293,manufacturing
1,16,122254.1886051,manufacturing
2,12,20396.9001883889,health
2,13,28523.8956317521,personal
2,19,259893.507609859,education
1,14,49214.3996923742,manufacturing
1,15,34241.4874894494,education
1,17,109588.00303407,education
2,19,282368.914111788,education
1,15,44786.5620121791,manufacturing
2,12,8847.14107643135,education
2,10,24584.198160146,personal
2,15,22507.3647163004,retail
1,14,53079.4781115223,manufacturing
1,18,162810.562615739,education
1,15,63909.2603023347,manufacturing
2,15,48195.8949136909,health
1,14,42621.8025063742,manufacturing
2,13,23659.0821404335,retail
2,18,153202.835319481,professional
2,14,24208.1712224224,personal
1,10,6903.68203267701,professional
1,15,54523.7997202723,health
1,14,38021.8015348162,personal
2,11,5971.2848996355,education
1,16,98677.8099958873,professional
2,13,21899.9968930281,manufacturing
1,13,23005.4103435312,health
1,12,21961.7590043829,manufacturing
1,13,32440.9462913638,manufacturing
1,13,13702.1264623522,health
2,15,73670.7689815636,personal
2,11,7909.36829961497,retail
2,13,20770.8322528365,manufacturing
1,13,21916.2568511983,health
2,16,44532.2506877218,education
2,14,28381.2484903925,health
1,15,98814.9565049594,professional
2,15,62436.3446351505,professional
1,16,98774.0025081956,manufacturing
1,12,20851.0947562802,retail
1,18,280195.729857081,professional
1,16,65386.115904399,education
1,11,15219.7343713668,manufacturing
1,14,38021.05244481,professional
1,13,33788.0457001858,personal
1,15,63711.8001162165,professional
2,13,18521.2193786214,health
2,14,34170.9700954388,health
1,15,35236.3134205044,retail
1,15,62569.7734606849,manufacturing
1,14,32447.5264599268,education
2,10,5586.11590577283,health
1,14,37358.7295143303,professional
1,14,41162.4744917802,manufacturing
2,12,18912.1218975189,retail
1,14,45585.7737867547,professional
1,14,25917.0035079821,retail
1,14,32854.1544057306,health
1,16,91650.7758928197,professional
1,15,75732.1257894574,professional
2,16,63012.2589553432,health
2,11,3664.62242348508,education
2,12,15303.3830053177,manufacturing
1,14,22620.4993732922,education
1,17,107118.763474546,health
1,16,65857.639673596,health
2,14,27046.0923246418,retail
1,13,21695.6169541221,health
1,11,15930.9104629095,manufacturing
1,15,43117.9408541624,education
2,14,15658.7513199057,education
2,12,6803.65971066781,professional
2,14,17422.0839551302,professional
1,12,24147.2323504808,professional
2,15,31518.1590886488,manufacturing
1,13,14119.22389658,education
2,17,136872.693391869,professional
1,10,23352.2476942055,personal
2,16,44713.2320806235,manufacturing
1,15,72882.7611370513,professional
1,14,43452.2745619419,professional
2,15,39017.2042056598,manufacturing
2,15,60612.5279182852,health
1,11,9990.57632498237,retail
2,16,78780.2298819227,professional
2,10,15604.6295805008,retail
1,13,55430.0662553415,personal
1,12,19704.0454651381,health
1,17,70383.5938195349,personal
1,11,17940.4065634121,manufacturing
2,14,26440.062991599,professional
2,15,33131.4744492499,retail
2,15,22884.390843,manufacturing
2,16,41692.9624187445,manufacturing
2,11,22399.675468225,personal
1,16,47511.4526119214,retail
2,14,41516.7620166262,manufacturing
2,15,30787.3005074594,manufacturing
1,12,27093.2108125024,personal
2,14,18229.6856798932,personal
2,15,47725.2099231459,professional
2,17,111683.871331532,professional
2,14,28703.1576155087,health
2,11,9326.53624208203,manufacturing
1,11,13116.7388457812,manufacturing
1,15,64535.2588956027,professional
1,16,66303.8020402228,education
1,15,36856.3059747934,retail
2,13,20372.3877302754,retail
1,17,104249.994034093,health
1,14,56428.5981511098,manufacturing
1,17,163463.734456084,manufacturing
1,11,12483.8045914251,professional
1,12,18965.3919044963,professional
1,16,55773.1289215981,health
2,17,112806.11849486,health
1,16,77788.2001166879,manufacturing
1,13,33945.6360783131,professional
2,12,14234.3245394238,retail
2,16,42767.454865074,education
1,16,42766.3591370265,retail
1,13,13038.4313228536,health
1,13,36890.684166321,manufacturing
1,13,29903.6149154473,personal
2,16,102141.312722313,health
1,16,122692.607458174,professional
2,14,38824.1080357191,professional
2,14,36420.9718884611,personal
1,13,17642.3510518912,professional
1,15,53110.4602299399,manufacturing
1,16,86998.89417508,manufacturing
1,14,41002.9864423314,manufacturing
1,14,28522.5770742215,retail
2,14,20287.9387043717,manufacturing
1,13,33813.7891537844,retail
1,15,48479.9727251848,health
2,17,70839.5307483029,manufacturing
1,17,269063.621223458,professional
2,15,25695.1678044916,education
2,13,27032.421407493,manufacturing
1,15,49948.7209280695,manufacturing
2,12,22654.0102676301,professional
1,12,26808.8009285697,manufacturing
1,12,22572.0750633731,manufacturing
2,12,15457.8511970286,health
2,14,23273.7996261398,education
2,11,24793.2447488218,personal
1,16,197152.912397477,professional
1,15,56005.8138524251,manufacturing
2,17,77886.746210299,professional
2,14,20808.9936744224,education
1,15,64417.7426993743,health
1,16,39929.0685128694,retail
2,14,24339.8054353241,professional
1,13,46857.6697407995,manufacturing
2,18,184606.882323611,professional
2,10,10925.676706397,manufacturing
2,13,31296.671114712,personal
1,18,235489.588597027,education
1,13,37682.2711442388,health
1,13,49340.3843404289,personal
2,12,29855.0403778667,personal
1,17,172758.799447302,education
2,12,26685.8888803416,personal
1,13,26469.9491941321,health
2,17,87916.1110323495,education
1,14,63083.0751997534,manufacturing
2,15,58298.7523023901,professional
2,14,36728.2148728678,retail
2,15,25113.5930906633,education
2,10,17075.2211245024,retail
1,14,28969.9836322335,retail
2,10,19401.1650359099,personal
1,16,82862.752624933,health
1,13,31671.627503775,professional
2,16,69145.6269346432,education
2,13,11638.3145416269,manufacturing
1,14,17104.1955234386,education
2,17,143759.687922037,health
2,11,9549.76670289947,retail
2,11,22141.3264771921,personal
2,10,8355.51721556905,retail
2,15,25736.5051180421,manufacturing
2,14,45028.1001873542,professional
1,12,19430.4086311539,personal
1,16,123419.736908588,professional
2,15,30335.2479273996,manufacturing
1,11,23279.94929375,personal
1,11,5241.91329900534,education
1,12,17818.5977842536,retail
2,16,67683.3344071447,health
2,11,10054.7569884487,retail
2,13,20568.2397299292,professional
1,13,29978.7033289426,retail
1,11,5007.11633554225,education
2,16,64720.1434901789,education
1,15,67191.1774917791,professional
1,15,62864.2334633696,health
2,15,47897.9758204569,health
1,14,15036.9665172732,education
2,13,36235.1352612957,personal
2,15,25857.6486927842,retail
2,12,18200.4430994098,health
1,12,19847.3113668431,manufacturing
2,10,6429.10742782101,health
2,18,220810.758654298,professional
2,18,165870.447355115,professional
2,12,5854.5336143489,education
2,14,33317.4108402433,professional
1,15,23095.6556579052,retail
1,13,10356.4696052609,education
2,15,19779.7080477878,education
1,14,38946.7671973438,manufacturing
1,14,54550.6888485345,professional
1,13,22354.5749950702,professional
1,15,71293.8415964096,manufacturing
2,17,73004.0242919885,manufacturing
2,15,42201.6214460227,professional
1,14,52628.0580722277,personal
1,17,107547.388510624,health
2,13,22902.8034116323,professional
1,14,39438.2303997684,professional
2,17,51502.4513678573,manufacturing
2,13,20833.4153311689,retail
1,13,21985.7343477573,retail
1,17,201380.549549523,professional
1,11,7808.32911982823,health
2,13,39125.4091242491,personal
1,14,56219.3673608013,manufacturing
1,12,12825.9076002825,health
1,15,64323.824493941,professional
1,16,87757.1004589814,manufacturing
1,14,53048.8775138986,manufacturing
1,15,40335.2291980729,health
2,16,83361.2221452029,health
2,13,17780.785573599,education
1,15,56093.5802257788,professional
2,12,29591.0948924689,manufacturing
1,14,32763.1488848196,health
1,16,33747.7771094979,retail
2,17,118234.91551379,professional
2,14,51442.3280252369,personal
1,13,40486.2472342358,manufacturing
2,15,27303.4297688759,manufacturing
1,17,116837.262055675,manufacturing
2,14,26790.6911928063,manufacturing
2,18,160148.445465458,health
2,12,15564.472848159,retail
2,12,19769.6614462758,retail
2,13,32140.3542542382,retail
1,13,18276.2129209789,education
1,14,58435.7679251496,manufacturing
2,13,12063.2354683258,education
1,15,67893.9786488781,professional
1,11,12721.480913041,retail
2,14,23102.1939061221,health
2,13,7638.78947763928,education
2,13,17343.5484906358,health
1,11,29505.4466754396,personal
1,14,31905.7142823368,retail
1,13,44382.8948860318,personal
2,12,16810.0899336895,retail
1,8,7906.56201457957,retail
2,13,19944.5221867955,health
2,14,11626.378400903,education
1,16,109847.57114452,manufacturing
1,11,8706.02864805176,health
1,17,135250.882473208,professional
1,12,40467.8813159969,personal
1,16,75751.8221788081,health
2,16,57040.0548386576,education
1,17,141639.353713748,health
1,12,41932.4296210772,personal
2,14,26818.1548389619,education
1,14,28639.8980391658,retail
1,12,19982.0400208481,retail
2,14,17382.9761582008,retail
1,15,72346.88363942,professional
2,12,13740.119946018,professional
2,14,18712.253521736,retail
2,19,383445.78770996,professional
1,14,41708.6829983294,health
2,15,36794.2459551802,manufacturing
1,14,47257.4672473855,professional
2,10,32515.7076615927,personal
2,13,8463.81264787884,education
2,16,80717.0916640307,education
1,13,40316.6762739828,manufacturing
2,11,26824.5381776636,personal
1,14,41971.9155636829,manufacturing
1,13,9148.0808506941,education
1,15,47370.3333996283,retail
1,14,44006.7951735609,personal
1,16,127810.266065274,professional
1,16,97567.650431671,professional
1,12,28489.6608573789,professional
2,12,38983.3004807595,personal
1,16,82210.7718656122,professional
2,15,44926.363913833,health
2,10,2461.71619163556,education
2,17,43592.2100255057,personal
1,14,20728.0889045309,education
1,14,60442.0486683628,manufacturing
1,15,78419.5045235088,manufacturing
2,15,48327.7720315632,personal
2,16,114620.153469185,personal
1,13,28927.8964177243,manufacturing
2,11,9392.24771578472,manufacturing
2,15,47714.4654272271,manufacturing
2,13,23524.4002039273,health
2,16,109493.833741996,professional
1,13,25542.4614904469,professional
1,16,141010.751335762,manufacturing
2,12,6764.60025715248,education
2,12,17568.5894359907,personal
1,16,74881.9386753298,health
1,11,9468.06962431296,health
1,15,95745.9336899511,professional
1,15,42646.8164650732,professional
1,14,39436.0288760087,health
1,13,19658.6691173636,health
2,18,271923.433737508,education
1,13,12345.6029178502,retail
2,14,38459.5190928272,manufacturing
2,12,26526.9735896549,personal
2,13,13395.9158174524,health
2,13,20478.1475484068,manufacturing
2,16,71917.6189718493,health
1,13,8078.67268781702,education
2,13,21639.9609163961,health
1,14,28238.8587654465,retail
2,15,50987.6828464992,manufacturing
2,12,12408.287369912,health
1,16,93758.1755353215,professional
1,11,16299.5807100655,manufacturing
1,14,46116.3706210091,manufacturing
2,10,6379.98588631294,professional
2,15,35073.0401984934,education
1,15,36599.4412853751,professional
2,12,18524.3631224227,manufacturing
2,15,51746.143797387,personal
1,14,49912.5371363085,personal
2,16,65293.4825799719,education
1,14,39120.4483824971,health
2,17,115234.490782704,health
1,14,60581.1957415268,manufacturing
1,13,57527.4934638633,personal
1,14,53656.1282599114,manufacturing
1,13,36457.0761179201,professional
2,17,69534.4553381845,retail
1,14,34571.9664659768,personal
2,13,27839.8947788575,manufacturing
1,14,48835.1575222036,personal
1,15,69965.8098113987,professional
1,14,23665.1911304823,education
2,12,11711.3047504858,manufacturing
1,16,82895.5181104768,manufacturing
1,14,23861.4748249906,personal
1,13,25697.0374124091,professional
2,12,10281.185817777,education
1,12,33740.4992336605,manufacturing
2,14,20735.5563942213,retail
1,14,38573.1218411845,retail
2,15,29529.8550453441,retail
1,11,8322.45684911241,professional
2,16,51824.8211674426,education
1,15,84971.8671881785,manufacturing
1,12,20822.2718827703,manufacturing
1,16,39313.7869802571,retail
2,12,14073.7920019886,health
2,15,47144.6767522644,education
2,14,41572.8615836266,retail
1,12,28928.0199749667,manufacturing
2,9,33530.1211760257,personal
2,15,61585.450715887,health
2,15,73003.5470113375,health
2,14,40126.8391013293,professional
2,11,9691.18094345453,professional
1,14,56834.2363817308,manufacturing
2,12,18993.6480903958,retail
1,15,57140.8433145907,retail
1,14,47510.2129327568,professional
2,13,17164.0920445195,health
1,17,137004.5479111,professional
1,15,49396.3142321523,manufacturing
2,16,48763.8032457377,health
2,11,12454.4425437064,retail
1,12,23688.3336090943,personal
2,15,53028.2303738525,personal
1,15,81212.8004078472,manufacturing
2,16,58135.7362936627,retail
2,14,31424.9269032815,health
1,14,49710.059700035,health
2,15,37696.5621385562,health
2,16,44870.3417246633,retail
2,15,33423.2988577853,retail
2,14,62743.7843448515,personal
1,13,29066.6357386014,personal
1,15,88719.1105000907,manufacturing
1,13,16633.407059019,manufacturing
2,14,28305.2617084114,health
2,16,48899.9377349974,manufacturing
1,16,121839.24284278,manufacturing
2,17,142425.453888102,education
2,17,135348.79327468,professional
2,16,51092.8153720597,professional
2,8,1381.17067658935,education
2,9,2147.42868523776,education
2,11,13525.0863807816,retail
2,13,28769.0544265455,personal
1,10,30748.4687630469,personal
1,14,35770.725419601,retail
1,13,18896.9334571558,retail
1,14,29973.417940463,professional
1,17,121141.125563466,manufacturing
1,13,20257.4907481015,education
1,13,26814.0962239582,health
2,16,68668.0980474586,education
2,13,54827.5072041381,personal
2,12,13555.7011949958,professional
2,14,18639.7068625467,manufacturing
2,16,103755.799758312,professional
1,13,30676.2098167577,personal
1,15,102729.853582529,professional
2,15,60952.3743695655,manufacturing
1,14,27876.0451084686,health
2,14,11763.1974895748,education
2,17,99280.9065663276,education
2,11,4858.72392530439,education
1,13,10084.3521735482,education
1,14,30210.6958753513,personal
2,14,44073.7904662358,retail
2,16,102162.994064401,health
2,14,30167.7609414165,retail
1,14,43423.6405822778,health
1,15,80947.5987731134,professional
2,14,22221.329680608,education
1,16,97847.1086261468,manufacturing
1,14,53205.9399123002,professional
2,14,34472.1014014362,personal
1,14,59687.7545190493,personal
1,13,33954.2504468215,personal
2,11,13760.195700698,health
1,11,9182.28966909728,health
2,16,73272.6677156645,health
1,13,25365.2638577384,manufacturing
2,16,63268.0582198722,education
2,15,73201.6442848553,professional
1,16,84669.8737761359,health
1,17,148898.019388037,professional
1,12,34363.1077323177,manufacturing
1,13,37934.050994407,manufacturing
1,18,234661.805126613,professional
1,15,68411.7157598133,manufacturing
2,17,67857.3163338126,professional
1,14,52031.1614376663,manufacturing
2,10,10179.1958571467,manufacturing
1,15,66672.1455491258,professional
2,13,16082.5624393079,health
1,14,25042.5689155066,personal
2,15,60389.375206342,personal
2,15,26130.4789645172,education
1,14,43515.7006057317,professional
1,14,34122.1735094992,health
2,13,32855.0449178234,health
2,14,35305.7084043488,personal
1,9,10233.8932224374,manufacturing
2,15,34437.6396379277,health
1,17,82719.9085042159,education
2,11,9554.7724755844,manufacturing
2,10,12574.1665563171,retail
1,16,75776.371080816,professional
2,13,45565.1564197492,personal
2,9,23971.8718135385,personal
2,16,56164.2798315797,manufacturing
2,12,17273.8290915963,retail
2,16,85631.7015669191,education
1,11,21313.0538684132,manufacturing
1,13,24706.3075926085,health
1,14,63811.2462253746,professional
2,14,22376.4897847184,education
2,15,36507.9089252751,education
2,15,34556.5832864733,retail
1,14,32037.230803021,personal
2,12,5118.88816081999,education
1,15,76248.2056662532,manufacturing
1,13,14767.5051733379,retail
1,15,51561.690980454,manufacturing
2,16,41600.1734571788,manufacturing
1,11,18548.5968817665,retail
1,18,270596.830535302,education
1,10,34816.6744496267,personal
1,16,119262.510028717,health
1,16,80120.4385007671,health
2,11,25202.5821220118,personal
2,14,26309.5376917323,health
2,17,70997.8498304291,retail
2,13,26380.2786870445,manufacturing
2,16,66165.9044408864,professional
2,15,25009.8199484783,retail
2,16,38210.6135062413,retail
2,16,55015.0849922957,manufacturing
1,11,17250.6097756664,professional
2,13,12607.0716462084,education
2,15,40808.9915368646,health
2,14,22701.7716139632,health
2,18,234387.029805263,professional
1,15,91156.8933937882,manufacturing
2,14,40084.9209313654,education
1,13,37866.0097668936,personal
1,13,38708.0291969142,manufacturing
2,16,95728.8060549178,professional
2,14,40417.7646451563,health
2,16,51837.2816324732,manufacturing
2,11,36697.370133777,personal
2,16,38846.2144363675,manufacturing
1,10,14364.6724728057,retail
2,17,123700.248447541,health
1,17,91761.2926386699,health
2,14,28156.730487746,manufacturing
2,12,16432.2686321461,manufacturing
2,12,22222.8827975994,retail
2,15,54050.2490113081,professional
2,16,47281.3155426588,manufacturing
2,10,32336.0630857871,personal
2,15,39995.957657862,retail
2,17,94875.9668195295,health
2,13,21075.9195001559,health
1,15,44760.4943751314,retail
1,13,27379.1004830515,manufacturing
2,12,19493.7186470437,personal
1,16,68633.0354872137,health
2,15,32206.1654554664,retail
1,13,22371.8155990097,retail
2,14,40855.7546162184,personal
2,14,27676.5524200612,manufacturing
1,11,12314.8036692362,professional
2,10,8206.58551769443,professional
1,14,35569.0407932037,manufacturing
1,13,23961.3835795615,professional
1,13,34964.5604949789,personal
1,13,33217.2997667945,personal
1,12,31570.2278457126,personal
1,13,43088.8765549624,manufacturing
1,15,30636.2460627785,education
1,12,21678.465839909,retail
1,15,71885.1370284954,professional
2,14,31136.4930574839,professional
1,14,26743.8904403098,education
2,12,9465.36799005426,health
2,12,19338.5824309817,professional
1,15,29116.3900528594,education
2,13,47998.1230522484,personal
1,14,74231.5630056838,manufacturing
1,17,157317.415372504,professional
1,15,74283.5855317813,health
2,15,42744.7143697938,manufacturing
2,17,101694.680806096,health
1,16,132046.016856339,professional
1,15,58064.4480829129,manufacturing
2,17,69514.8470001588,education
2,11,16203.177538159,retail
1,13,38352.8372584533,personal
1,18,161898.457214106,health
2,15,19791.1140581403,education
1,14,57350.5191962044,professional
1,15,47986.0533007255,health
1,14,27842.6400129967,health
1,13,16354.0292799757,health
2,12,11101.7454901969,retail
2,13,29526.3396726451,personal
1,10,9150.26223697455,professional
2,14,23469.0089593485,personal
2,13,21867.9667674329,retail
2,18,182936.2558733,professional
1,14,26547.1664579173,health
2,16,80272.7474319396,professional
2,14,24900.5630839224,education
2,14,22988.7681624059,retail
2,16,53720.5752893578,health
2,19,229763.828165851,professional
2,14,23029.6820369012,education
1,17,130247.690470769,professional
1,15,82732.7287556899,manufacturing
1,14,38114.1613431655,personal
1,18,319379.61696358,health
2,16,63475.5156625288,professional
1,17,151434.21090901,education
1,15,61944.8814798556,manufacturing
1,13,19541.7613951761,retail
1,14,69941.0466756495,manufacturing
2,17,97404.8045454613,health
1,10,35811.7582453416,personal
2,12,14829.4923035354,manufacturing
2,14,14916.2384870169,education
2,14,30907.937982383,professional
1,11,14284.6071223372,retail
1,15,46368.7416185275,personal
1,16,132352.932090117,professional
1,12,30833.0413843725,personal
2,14,12955.7768247965,education
1,13,22498.2411675552,personal
2,18,134544.510302999,education
1,15,106200.404116424,professional
2,13,28885.0499354966,retail
2,12,11074.4403602485,health
2,14,22702.2746800747,professional
2,16,72645.2819233747,education
1,16,113021.159219498,manufacturing
1,16,61730.5325995126,manufacturing
1,12,13243.8842285282,education
2,14,31573.1833310608,manufacturing
2,16,58984.5704354136,professional
1,12,27781.4480172802,personal
1,16,83634.2502852122,health
1,17,124275.773622217,education
1,12,19988.4632620329,retail
2,11,9309.2699178938,manufacturing
1,14,24099.0869042115,retail
1,16,112743.61623314,professional
1,14,20659.9465499491,retail
2,14,47472.0437103646,personal
2,14,32025.2535426505,professional
1,12,30153.7803556367,personal
2,12,31862.4824914676,personal
1,16,82241.0464909445,education
2,15,27367.716865072,education
2,13,25394.3337402401,health
2,16,94375.6923524177,professional
1,11,30139.2193377091,personal
2,14,22955.4796924752,manufacturing
1,15,69480.7395127257,manufacturing
1,13,47337.3737145027,personal
1,13,29014.2908177988,retail
2,14,33510.2060460153,health
1,16,89084.5247124635,professional
1,16,98059.4467858438,health
1,11,11033.3743734542,retail
1,13,26498.0107978738,retail
1,13,15902.9258270151,health
2,16,54093.0068013754,manufacturing
1,14,46049.4021400019,professional
1,13,23516.8308966322,health
1,14,26396.8046431219,retail
1,14,19681.724922106,education
1,17,95787.7472304508,health
2,17,84761.9677249004,education
1,16,181863.187310567,professional
1,15,61145.5408646188,manufacturing
1,15,53778.5956352476,education
1,17,97818.488104246,manufacturing
1,11,11544.9520973671,retail
2,13,23860.5407948037,manufacturing
2,9,1349.37353161263,education
2,16,48101.0114392813,manufacturing
1,14,51122.2272511747,manufacturing
1,13,35437.6099057094,personal
2,12,39155.9003892621,personal
2,14,19796.6784561394,retail
2,13,30082.9513186898,retail
1,11,19256.0613078187,personal
2,11,37278.4023761528,personal
1,11,33056.0228557861,personal
1,14,53961.5747716002,manufacturing
2,12,11373.6393167746,health
1,14,62228.4040043455,manufacturing
1,17,139201.449364382,professional
2,13,27827.6179863292,personal
2,12,8078.9458113752,education
2,14,55147.1334951099,personal
2,16,80804.9007056857,professional
2,13,21909.2793742753,retail
2,11,8543.83487557702,manufacturing
1,12,29047.5115618468,manufacturing
2,11,17270.8850162073,retail
2,15,45925.7721156628,health
1,14,30976.8594659759,personal
1,15,52251.8469868491,health
2,15,35982.1572467981,health
1,14,32700.6294942006,personal
2,15,27746.7838107507,retail
2,16,50949.2762438254,education
1,15,61156.8604243005,professional
1,16,104578.441086612,professional
2,14,31811.1229833023,health
1,12,17814.0712808448,health
2,11,10677.2740268331,manufacturing
2,15,83193.0720879042,professional
2,13,19417.3910206321,health
1,15,54087.0886178602,professional
1,15,78996.0936876331,professional
1,14,24069.3804802588,health
2,15,44750.8036212756,manufacturing
2,14,22582.5528470185,retail
2,14,46825.195597392,personal
1,14,38544.2797791566,health
2,17,67342.5107527841,personal
1,13,14765.8663592523,education
1,12,13111.4348653522,health
2,13,16957.0432527958,manufacturing
1,15,32981.321570603,health
2,16,42616.0740649849,education
2,18,226521.957382858,professional
2,12,17271.8657295623,retail
2,15,44508.5463850164,professional
1,14,45164.1977508602,manufacturing
2,14,36119.0039528246,personal
2,14,29997.0893319301,personal
2,14,37825.5571298562,personal
1,15,69109.6736414662,manufacturing
1,15,69938.2573433362,health
1,13,38933.2829841886,personal
2,11,11001.5791220278,professional
2,16,88649.9580322792,professional
2,13,26578.1912396954,personal
1,16,130696.298073504,professional
1,12,23462.7530673055,professional
1,12,56536.5360398481,personal
2,17,104395.945751576,professional
1,16,83099.0207269745,education
1,20,464130.086581487,education
2,16,57111.4860475,education
1,10,6530.93288754943,health
2,14,31924.7831474157,health
1,19,416581.589404203,professional
1,14,25862.3168528219,retail
2,16,66430.8250244025,professional
1,11,11602.9545197176,health
1,18,246688.231678368,professional
1,17,103143.92699789,manufacturing
2,14,33780.224754238,health
1,14,43952.3397619279,personal
1,13,49500.9789508782,manufacturing
1,15,39072.7213818761,health
1,10,29907.9597260176,personal
2,13,32588.0372421688,personal
1,17,157944.511101237,professional
2,14,21744.8529958071,education
2,14,32268.728169892,manufacturing
1,14,42842.7375744986,manufacturing
2,13,24785.8462366131,professional
2,17,98649.7912458306,professional
1,18,240440.646033062,education
2,14,39524.1169135884,manufacturing
1,19,325766.84031978,professional
2,14,31957.566228818,health
1,14,56827.5653297961,retail
1,12,20818.6874776853,retail
2,12,11901.4065225041,health
1,16,99155.5149396441,manufacturing
2,15,31206.8244480933,professional
1,14,21028.2109947936,health
1,16,103626.180225215,manufacturing
1,14,73091.5410658377,manufacturing
2,14,15624.865787544,retail
1,12,17449.6704031341,retail
1,14,31501.7691426167,health
2,12,12719.1641272484,manufacturing
1,11,36015.2100565604,personal
1,15,54050.431620002,manufacturing
2,15,38360.2463088923,health
2,12,39966.9293715705,personal
1,14,45154.560318966,professional
1,15,52430.2838162762,education
1,14,30787.6476200943,health
1,12,17873.1571041814,retail
1,12,19174.2601614371,manufacturing
2,8,2774.0418300081,professional
2,14,56809.8726949123,professional
2,14,25813.2250292152,manufacturing
1,12,19910.3442972248,health
2,15,50790.8315999332,manufacturing
1,10,20634.6631160221,personal
1,12,16962.5313520917,retail
1,17,189071.939889237,professional
1,18,260289.267366191,professional
1,10,6168.27714652157,health
1,14,17816.7142092927,health
1,16,91929.9949673158,health
1,13,50726.9490640615,professional
1,16,127490.144157067,professional
1,16,110436.564569344,manufacturing
2,15,30439.4707352423,manufacturing
2,8,1066.49612330609,education
2,13,11289.0669474038,education
1,17,133067.779506314,health
1,15,48145.789942191,manufacturing
1,13,12887.0455984677,health
2,15,39904.783618835,health
2,13,21883.7405723458,manufacturing
2,14,22167.4927268012,manufacturing
1,18,206655.017412146,education
1,16,39406.4018044747,personal
2,13,31350.1302558179,personal
2,15,41387.694824886,health
1,13,34646.3954889007,manufacturing
1,18,162997.116103132,health
1,11,12104.8304777353,manufacturing
1,13,25620.6224114656,manufacturing
2,16,21221.7449840259,retail
1,11,21508.2339132855,personal
2,14,22033.339769762,manufacturing
1,16,48338.3293397106,education
2,15,28816.3213163522,health
1,12,19911.7183712438,manufacturing
1,14,38846.6675471971,manufacturing
1,13,14980.090578553,education
2,14,41720.8734534927,professional
2,14,50619.9614335574,professional
1,12,9250.02150699665,education
2,17,137000.971426312,education
1,15,75476.584260196,manufacturing
2,12,35854.8197128968,personal
2,14,30477.861369004,personal
2,17,94440.8880599598,health
1,16,81858.1087467762,manufacturing
1,15,32130.9198989425,personal
1,14,54236.9811166479,professional
1,13,9980.87280164763,education
1,14,33960.8169616399,health
2,13,14875.91834025,education
2,13,14721.9490871435,manufacturing
1,17,197211.69483118,professional
1,16,87572.4410449094,manufacturing
1,16,133811.14022478,professional
1,17,126630.871020029,professional
1,12,17163.516824014,manufacturing
1,14,38637.8464568075,personal
2,15,30368.4823617198,retail
2,17,155249.55253766,professional
2,15,91299.5871053827,personal
1,13,40130.9344678657,manufacturing
1,15,50862.0806927985,manufacturing
2,16,41367.507919171,personal
2,15,47525.5580704814,professional
2,11,20173.8278790947,personal
2,17,95897.0607952966,manufacturing
1,11,13489.6098162968,manufacturing
2,14,26092.7235913367,manufacturing
1,12,17363.0086253518,professional
1,13,41295.5171557437,personal
1,16,74789.412418126,manufacturing
2,13,20695.7513934541,education
1,16,136946.666377491,manufacturing
1,15,78969.8641279191,manufacturing
2,13,9104.57293733775,education
2,13,19396.3285878826,manufacturing
2,13,32120.3602603019,retail
2,15,22993.0700292032,manufacturing
1,11,4866.21770934278,education
2,15,33177.247407993,manufacturing
2,15,85398.0784301951,professional
2,15,45290.931300735,education
1,18,207443.169526286,professional
2,13,17678.2445996826,education
2,13,26997.537115876,professional
1,16,72709.4704444384,manufacturing
2,16,35910.2425864445,manufacturing
1,14,48379.4037950568,professional
2,11,7426.08210973951,health
1,14,18926.2853619453,retail
1,12,9791.55704685831,education
1,14,54407.6253003436,manufacturing
1,13,31732.4379648948,personal
1,13,30979.7965316334,professional
2,15,34257.073123781,retail
2,14,30706.844177057,health
2,16,33227.8640523524,manufacturing
1,12,17828.8438742738,professional
2,15,41434.0394648237,manufacturing
2,11,6696.55880564561,health
2,16,38235.549783354,personal
1,15,85909.2542160571,manufacturing
1,17,204773.466132158,professional
2,11,4470.82499135569,education
1,17,143605.657262866,health
1,14,30311.8314722254,health
2,15,52127.1058713558,personal
2,13,19060.0259997702,health
2,11,11243.2620037606,retail
2,16,46063.9919916164,personal
1,12,21136.543145016,professional
1,13,23206.7679949529,professional
2,15,27029.227420938,professional
1,19,267506.950458691,professional
2,14,38424.1673041089,health
2,19,228169.885624355,health
2,12,19651.4161884455,health
2,13,16386.4909695698,retail
2,15,29568.0511981881,retail
2,11,26027.4426587826,personal
1,15,41477.859865614,manufacturing
1,14,32875.8952367506,retail
2,16,50938.6825527167,manufacturing
2,13,18333.1951623975,education
1,13,52631.7033599684,professional
2,18,121687.575776659,health
1,15,41593.8184037025,health
2,14,24177.4120067535,retail
2,11,10343.4111895865,professional
1,15,77013.1951001789,professional
1,15,58937.5160577656,personal
1,11,10355.5121638201,professional
1,12,15383.2284713528,retail
1,18,242286.902289203,education
2,14,23034.8443022288,education
1,10,4112.51024753025,education
2,11,2237.17076827081,education
2,12,25371.9221337074,personal
2,16,37108.3646620509,manufacturing
1,14,37034.2922373859,health
2,14,21369.1743020562,health
1,14,50413.6649967036,retail
2,11,10546.7612353808,manufacturing
1,17,118170.637216655,health
1,13,29575.2877503456,manufacturing
1,13,14206.5790439468,health
2,14,29428.3554652253,professional
1,14,34325.0289588998,health
1,13,40106.5729923347,manufacturing
2,15,54750.4228522241,professional
1,17,132240.615112708,education
2,15,28911.8462145298,manufacturing
1,13,17711.9383896931,retail
2,12,10527.7213150227,retail
1,14,31354.0682039655,health
2,10,7022.43626128697,health
2,16,61557.7634793611,health
2,15,58718.4163558396,professional
2,12,13368.5800387608,retail
1,14,39630.0361330838,personal
2,11,16876.8655959002,retail
2,16,86479.847038805,professional
2,14,58875.2521630451,professional
1,14,35062.6519469122,manufacturing
1,14,42656.0194053164,professional
1,15,69182.2209319983,professional
1,13,30335.2449291096,manufacturing
2,11,3846.08059100649,education
2,14,24214.5942021935,manufacturing
1,11,41988.2707840786,personal
2,15,33775.8795092955,manufacturing
1,10,3093.80460100661,education
2,17,108249.665480281,health
2,15,31016.4246645683,retail
1,17,101315.81643999,health
2,14,25793.2473263133,health
1,13,31228.7513938963,manufacturing
2,13,21970.2584936941,professional
2,15,46064.408934565,professional
2,19,271917.019663609,education
2,13,21865.6032558951,manufacturing
2,15,64809.0101932013,manufacturing
2,12,8158.96828656169,education
1,14,52038.1231914632,manufacturing
1,14,30101.6101944008,health
1,15,86547.7561210931,professional
1,13,23062.3700579654,manufacturing
1,11,6075.97865445686,health
2,14,40745.0473216086,health
2,15,50660.6588940204,health
1,12,34084.3524934941,personal
1,14,21419.9116818782,health
2,15,32114.8371873948,manufacturing
2,16,57528.0644766088,health
2,13,17901.9428493703,health
2,14,51193.7636999801,professional
2,16,106450.128426611,professional
1,15,62403.1441505096,manufacturing
2,13,21142.7526346283,health
1,15,66087.1089797553,personal
1,13,35040.3738051958,manufacturing
2,13,14732.9940209106,retail
2,9,3697.49371816534,health
1,13,41057.8127212509,manufacturing
2,14,18151.3197111947,retail
2,13,23061.2486250592,retail
2,13,40282.4591805042,personal
2,13,14787.4102678506,retail
2,17,109786.402449323,health
2,16,51811.8280058987,education
1,13,34333.1154243863,professional
2,14,41122.0592132353,personal
2,14,32535.9441468124,personal
1,14,37944.4383898851,personal
2,13,22106.5119817242,professional
1,19,255771.053750499,health
2,12,9052.69624201724,health
1,16,123457.173889364,professional
1,10,18171.3942186895,retail
1,13,21585.3316758183,retail
1,15,78032.8022486553,manufacturing
1,15,42856.726705157,health
2,12,11870.5669198887,manufacturing
2,17,86054.4544175574,professional
2,14,42129.6826253383,professional
1,13,30311.5351990285,professional
2,14,51653.2766572473,health
2,17,107218.53508365,education
2,17,95182.4837580497,health
1,14,42836.7748365652,personal
1,14,41342.4921083699,health
2,13,18549.5450312707,health
2,11,9887.32068376725,retail
1,15,26456.3930306692,retail
1,12,20580.4835369811,retail
2,13,36737.0172742433,personal
1,13,52145.2469984287,personal
2,16,86624.2070698015,education
1,10,30142.0249086476,personal
1,16,95108.5895280314,professional
2,13,10849.383964562,education
2,13,17431.1729153965,health
2,14,21008.3731819771,health
1,15,57605.6501503343,health
1,12,18834.2916328115,manufacturing
1,12,39501.1570357797,professional
1,18,234189.380110073,education
1,14,41253.1815830202,personal
2,13,31222.0432151991,professional
1,18,191065.666873953,professional
1,17,127629.181158424,health
2,12,12136.5012928864,manufacturing
2,8,21858.712408812,personal
1,15,109043.165403666,manufacturing
1,16,90147.2840108168,professional
1,12,6543.90926442248,education
1,10,13386.9669704095,retail
2,14,25629.2025641714,retail
2,15,39977.006446885,manufacturing
2,14,31367.4088921335,personal
1,9,22022.5543408348,personal
1,15,37166.9675661034,health
1,17,83841.8195659235,manufacturing
2,16,74343.0971867476,professional
1,12,21528.6372928525,manufacturing
2,13,22025.2916055462,health
2,13,11761.542087861,education
1,14,55878.6270928714,professional
2,15,50225.3274247576,health
1,13,27390.8267920815,manufacturing
1,16,72633.0791905108,health
2,16,44111.4981269238,professional
2,16,90744.2862028585,professional
2,13,31971.4541087719,personal
2,11,3569.86348778223,education
1,15,64685.9812588327,professional
2,19,268246.576490435,health
1,12,33507.9197184542,manufacturing
2,12,12111.5606244868,retail
2,17,94032.1151962546,professional
2,14,42376.9962082956,personal
1,16,68887.191161504,health
2,16,28712.6651341276,retail
2,12,18063.5369444614,professional
1,13,31008.1024598072,manufacturing
2,11,22346.2277325049,personal
2,15,34866.9179530571,personal
2,16,64644.2552188029,manufacturing
1,14,55869.9871357095,manufacturing
2,10,2182.31552185282,education
1,19,386511.76312324,education
2,14,38340.1118523541,personal
1,13,28057.2445508949,manufacturing
1,12,17571.4656318386,professional
2,15,69337.2531449435,professional
2,14,37466.8296984821,health
1,15,139448.491073552,professional
2,12,51357.5582315125,personal
2,13,40313.212545166,personal
2,12,14819.2129697512,health
1,16,45298.5201032031,education
1,13,26049.0054159387,professional
2,13,13252.534423255,education
1,9,4358.60154379444,professional
1,16,53621.0918393446,retail
2,14,23515.1670015701,health
2,14,20838.7503814135,manufacturing
2,16,83470.7128106533,health
2,15,44784.6803455068,health
1,15,39485.0863070641,personal
1,12,25193.8737206966,professional
1,14,50293.4272729327,personal
1,17,162193.657453388,professional
2,14,39154.9342769109,professional
2,16,57216.2858690028,manufacturing
1,18,277789.00257129,professional
2,16,44015.5714335399,health
1,12,31957.0156767725,personal
2,10,7538.96771273585,manufacturing
1,14,41594.3477884599,retail
2,10,18170.2565870167,personal
1,14,35558.3965757525,personal
2,17,105653.929470234,health
2,13,19832.1498339132,retail
1,13,25661.1435357887,professional
2,14,55437.5101684237,personal
1,16,104032.208523567,health
1,16,39103.7772860713,retail
2,14,27938.8183102143,retail
1,13,32759.0945211017,manufacturing
2,17,102987.033225158,health
1,15,77762.1848140822,professional
2,15,31816.0652098724,education
2,17,117952.846693685,professional
2,14,31697.5316301889,professional
1,16,135676.588182745,manufacturing
2,14,31221.7379406903,health
2,16,92730.8772713439,professional
1,13,20460.500484043,retail
1,15,66514.3225932495,manufacturing
2,18,141048.511933496,health
2,14,23036.7249977284,manufacturing
1,14,36951.1630647183,health
1,12,8632.53189955128,education
1,13,21442.1558475643,retail
1,12,14117.2592245955,professional
1,13,20559.7489369099,professional
1,13,14613.5018066324,education
1,13,13171.6879148677,education
1,16,86452.9545429805,health
1,14,45193.4669595562,personal
2,14,19437.240991913,education
1,15,46705.3793975919,manufacturing
2,12,24325.1989740618,personal
1,15,64660.6698014464,professional
1,13,31954.2773638982,manufacturing
1,13,21790.2546594788,health
2,14,44144.9827374927,personal
2,16,71763.3418061485,manufacturing
2,12,17891.2806476263,manufacturing
2,15,44252.0456498355,manufacturing
2,17,85715.0303648245,education
1,12,8820.67454403932,education
1,13,20795.9257071976,health
1,14,19998.0727086959,education
1,16,165747.994850946,manufacturing
2,14,27073.9519061761,manufacturing
2,13,14066.5515372646,professional
2,14,23393.7136609044,personal
2,14,20954.4066689532,retail
1,14,16008.335750827,education
2,10,33049.8378536289,personal
2,15,34492.5158243625,personal
1,14,41587.1128140345,manufacturing
2,13,27856.608270815,personal
2,11,8989.27473769279,manufacturing
2,13,15613.8144023423,professional
2,13,28047.9293076189,personal
1,12,9624.86738608237,education
1,16,98839.075870337,professional
2,13,20612.9734547785,professional
1,11,11253.9997949998,manufacturing
2,13,26067.1220706416,health
2,16,89916.9478570415,health
2,12,15089.3950185988,manufacturing
1,17,153695.161256869,health
1,13,21272.1399429227,personal
1,13,35656.9997799203,retail
1,12,21437.7350677833,retail
2,15,34216.6332447195,education
2,11,8512.40349124034,health
2,17,126329.670472342,professional
1,12,15335.4815837847,retail
1,13,13054.5965611662,education
2,15,46651.9773028652,professional
1,12,31806.6071084654,personal
2,14,34144.1258655509,personal
2,15,42392.4967366981,health
1,17,73846.6450714397,retail
2,15,53965.2229267651,health
2,15,43577.856362653,education
2,14,30228.3728170258,manufacturing
2,13,16842.7177460884,manufacturing
2,14,27814.0468981317,health
2,12,14055.1397534747,manufacturing
2,16,65792.0987811434,education
2,15,29964.2946847721,education
1,16,71694.670446144,manufacturing
1,16,119665.41786117,professional
2,14,22552.4403807404,health
2,13,13226.6671921684,education
1,15,36871.5503527871,personal
2,18,326740.224474004,professional
2,15,39883.6644913492,professional
2,16,50751.6532046316,health
1,15,69694.0043071977,professional
2,14,24147.0194511525,education
2,15,31817.3042059903,health
2,14,26481.4868981485,personal
2,16,88568.716463673,health
1,11,8318.25470875285,health
2,18,167731.47497629,professional
1,11,16107.7274119048,personal
1,14,21365.6916802785,retail
2,14,26867.0463323147,health
2,12,26164.772920002,personal
2,15,30971.0659058337,manufacturing
1,15,43637.662749154,personal
2,16,99548.4111239443,health
1,14,34563.7155676803,education
2,16,58062.6612165401,health
2,14,16541.3531279366,education
2,17,103269.251927737,education
1,16,83003.4850191426,manufacturing
1,14,28709.8267284486,retail
1,16,126773.417108451,professional
2,14,38037.496896907,personal
2,16,99103.565747804,professional
2,13,40754.9241786426,personal
2,18,258164.270749779,professional
2,13,13924.8095562088,education
1,11,12758.6390614273,retail
2,15,39464.3109378079,personal
1,16,90406.7392108265,health
1,17,169594.581958416,professional
2,13,17702.8580456591,health
2,16,53531.9085844351,health
2,14,20945.4355440648,education
1,14,41568.4003883066,manufacturing
2,16,87111.6148939348,professional
2,17,78811.1744213161,health
1,11,12331.3595462737,professional
1,15,68038.2715292395,health
1,13,15788.9503740023,manufacturing
2,13,21225.0199939496,manufacturing
1,13,39981.0998684768,manufacturing
2,16,32527.7330276443,education
2,19,245123.680567649,professional
1,15,40660.1404334831,personal
1,15,28604.6007165129,health
2,17,120814.36148284,health
2,15,61716.6142399567,professional
2,14,40441.2259345791,professional
2,13,41381.628621942,personal
1,15,45970.5036848974,manufacturing
1,13,23067.037383746,health
2,14,35877.4999114394,personal
2,13,46242.0166198494,personal
2,14,36779.5673963095,health
1,14,23358.6854500359,retail
2,17,71822.662555968,education
1,12,39853.9931066404,retail
1,13,33465.6044498971,retail
1,14,68437.262993959,professional
2,14,32870.8865719637,professional
1,13,50351.1772152256,personal
1,14,42541.6035939669,personal
1,16,75074.8113105543,health
1,11,17032.6316515763,manufacturing
2,14,26863.5889641082,health
2,11,9382.412303924,manufacturing
1,14,19518.8477787003,education
1,14,28079.9599009067,health
2,15,35174.6390122512,manufacturing
2,13,21425.0122610772,personal
2,14,23836.990384187,manufacturing
2,14,27839.8357116087,health
1,16,96506.2432140401,professional
2,15,32449.3966164414,education
1,13,26388.0439491871,manufacturing
1,13,15139.9159528527,retail
1,13,34342.7509776356,manufacturing
1,17,143006.051338586,manufacturing
1,13,19990.1285665555,health
1,12,16664.6407134104,retail
1,13,72331.8092485462,personal
2,15,27500.7697374234,health
1,15,63901.2403044459,professional
1,15,41078.4038772663,education
2,9,7656.79545588207,manufacturing
2,13,29733.9320110967,manufacturing
2,17,37118.0385128789,retail
2,13,25980.8209667625,manufacturing
2,14,24097.2485590234,retail
2,13,25262.8057571544,retail
2,12,11519.7625536596,health
1,13,25125.5252987717,retail
1,16,69610.2617700998,professional
1,18,257353.591803053,professional
1,16,71969.574748398,manufacturing
2,11,8872.30403740236,professional
1,13,30625.9532718573,professional
1,13,22839.5827154984,health
2,13,51391.858313665,personal
1,18,310005.467559759,professional
2,14,28065.3809032978,manufacturing
2,15,35293.5447032218,personal
2,16,43877.6299840265,manufacturing
2,12,31616.1686095874,personal
1,17,127948.934472816,professional
1,11,19350.8742371247,retail
2,15,32077.8800966527,education
2,15,44215.5661716467,personal
2,15,42267.3772882032,personal
2,12,16655.9024099616,manufacturing
2,14,25361.7377504372,professional
2,14,24761.249233831,manufacturing
1,14,29746.9237470281,retail
1,16,97764.4439104819,professional
1,15,49461.6537564833,manufacturing
2,16,46716.4506433276,retail
2,14,25291.3700787359,health
2,17,153917.370487389,professional
2,11,5175.65549011638,education
1,14,40040.157934511,professional
2,13,16330.484415612,retail
2,14,24473.0290276295,manufacturing
1,15,63186.8256761461,health
2,12,13288.2807885962,retail
2,15,32036.2359987199,education
1,13,11726.0201451941,education
2,16,92131.229115606,professional
2,12,12293.7733028299,manufacturing
1,11,6585.26721959774,health
1,17,160137.800979895,education
1,12,26909.5940468474,manufacturing
2,12,26945.6025237321,personal
2,12,14394.8314391735,manufacturing
1,11,7156.47167106402,health
2,14,42689.1789496535,manufacturing
2,15,50201.7992590616,professional
2,16,42639.4712159817,health
2,16,52007.2544901147,manufacturing
1,15,54342.1655339286,education
1,14,57996.9726817142,professional
2,15,24933.8928409431,manufacturing
1,17,138222.863716019,professional
1,14,31065.146476381,manufacturing
1,13,57588.8397812195,professional
2,16,72449.8096675882,personal
1,13,28547.4123682578,health
2,13,24877.956219298,health
1,14,45210.0581600815,personal
2,15,38153.2912269512,personal
2,15,31469.2433151536,manufacturing
1,12,23906.140865127,professional
2,12,38891.6811384299,personal
1,13,19983.5380075583,professional
2,15,41669.3749751316,health
2,14,27144.8955977383,retail
1,16,136137.857091061,professional
1,17,139607.208678146,health
1,13,39519.8212917401,personal
1,11,10804.6836730452,manufacturing
1,14,40047.5548169357,retail
2,15,43202.1256176546,personal
2,13,13797.7340535652,retail
2,14,25655.3034373814,manufacturing
2,12,12667.9956289536,retail
1,17,171466.895356324,health
2,14,16336.6012393635,retail
1,14,54888.6714875886,professional
2,12,20174.7423073307,professional
1,11,3449.72224897712,education
2,11,3080.95398495393,education
1,16,121716.805240092,professional
2,15,21812.4446118056,manufacturing
2,12,5801.15619352078,education
2,16,100950.164554859,health
2,15,66527.5781924027,health
2,15,30720.5163718273,health
1,19,301949.647986182,education
1,10,9915.55282922156,professional
2,14,29064.0312404124,professional
2,14,20758.1142539405,health
2,14,22313.1519754274,personal
1,11,29575.6881086335,personal
2,15,32565.9918190794,retail
2,11,26267.1881622201,personal
1,14,55633.8549867378,professional
2,15,27797.0815650705,manufacturing
2,14,20681.5804760042,manufacturing
1,15,97680.6771235106,professional
2,12,21920.6091044282,retail
2,15,30348.9940341969,manufacturing
1,13,35314.1523300415,professional
2,11,10756.7812237587,manufacturing
2,13,16088.0015806699,manufacturing
2,13,25623.069180567,personal
2,13,19360.6230730735,manufacturing
1,15,33287.0429164251,retail
1,14,33023.6980861111,health
2,14,19679.8238851955,retail
2,12,15700.4174959302,manufacturing
1,16,116238.253858523,professional
1,16,69481.1265019516,manufacturing
1,13,29935.9522652523,retail
1,15,71088.3488267321,professional
1,16,72968.6269434183,manufacturing
2,17,83731.1175282009,manufacturing
1,17,187382.646721986,professional
1,13,23676.2714014409,retail
1,12,16390.2265452542,manufacturing
1,16,76409.3934529784,health
1,12,21433.5444517565,manufacturing
1,12,14425.7795687872,health
1,13,21437.3794026382,manufacturing
1,16,70664.1237790852,manufacturing
1,14,24839.5539127162,retail
1,14,40036.7487984083,professional
1,17,159440.096655725,health
1,14,35589.677221055,professional
2,9,11144.4701567086,retail
1,16,64569.2942721298,education
2,15,54836.4633056478,professional
1,14,32367.0835061008,manufacturing
1,13,33011.3968327135,manufacturing
1,13,25416.6807204714,professional
1,14,44245.2431496046,manufacturing
1,13,37352.2425435159,retail
1,11,8876.23015667097,health
1,12,11213.0258712149,health
1,13,25014.1363224201,professional
1,12,14662.432290652,professional
1,15,44496.8755348641,manufacturing
2,16,49743.3808903551,health
2,16,23127.9915531995,retail
2,16,36271.9375831057,health
1,15,57299.7739701702,health
1,16,97791.289454346,manufacturing
1,16,75967.6762775697,health
2,12,5649.44420876076,education
1,19,314693.816175493,professional
1,11,19727.1104084671,retail
1,15,85669.7864159993,manufacturing
1,12,25672.4935774907,manufacturing
1,13,16504.3680290599,education
2,13,12591.6109617885,manufacturing
1,12,11224.8704211307,retail
2,14,25019.3961972853,personal
2,17,59249.5923999081,retail
1,13,26522.174345219,retail
2,14,21307.3516093947,manufacturing
2,15,76200.4447497366,professional
2,15,48041.7698713635,retail
2,13,18711.0297600995,manufacturing
1,16,125391.08447415,professional
2,17,116751.907545654,health
1,15,46922.5255542818,retail
1,13,23586.2304371761,retail
2,16,59876.7905145099,health
2,12,12748.7619292382,health
1,14,44473.0500602946,health
1,15,52837.6025819342,professional
2,15,75330.5088369211,education
2,13,32983.0288200275,personal
2,15,56927.9551790297,health
2,16,54471.3163570479,personal
1,11,11909.6560585767,retail
2,12,12275.8494470015,health
1,16,74809.6265312456,professional
2,14,24368.0927666175,health
1,14,25068.9637919563,retail
2,17,132852.898192334,education
2,15,37206.9458491682,retail
1,18,238749.783335,education
1,13,20254.9612515011,professional
1,11,31082.1015500839,retail
1,13,28976.4559143567,manufacturing
1,14,30708.7193998356,retail
2,14,26909.6707978357,health
1,18,217794.707616743,professional
2,14,22462.9878199487,manufacturing
1,13,41999.8884984904,manufacturing
1,19,302727.289899408,education
1,13,29183.56675814,manufacturing
1,15,47819.4032133662,education
2,18,172364.062272507,professional
2,15,49261.3019564406,health
2,13,19641.2725029046,health
2,14,25064.8478462692,education
1,8,17320.0933547028,personal
1,16,50477.6897581285,health
1,14,49446.4186627081,manufacturing
1,13,16530.2796790461,health
1,17,115242.670563463,health
2,14,52522.2435025613,professional
2,13,22754.4408329329,manufacturing
2,11,40631.5270421988,personal
1,14,36217.713091503,personal
1,12,33930.8511170893,personal
2,11,22267.4354306772,retail
2,14,39547.2811293087,manufacturing
2,13,41060.500447589,personal
2,13,16578.6758373704,manufacturing
2,15,33495.2122428503,manufacturing
2,16,85571.7904960343,education
1,13,9778.97602595574,education
2,18,153351.116697868,health
1,17,132592.854222044,education
1,12,23366.7081060779,retail
1,15,29216.2923213064,retail
1,15,41981.7439902095,personal
2,17,114099.440928387,professional
1,15,35963.8150012277,retail
2,15,38080.2529494271,retail
1,15,50056.6039405533,health
1,13,46178.0738902963,personal
2,13,15140.4748976253,professional
1,10,11990.6084695851,retail
2,14,40644.6764067775,personal
2,15,42307.4616007848,professional
1,13,32838.2378453291,manufacturing
1,14,44219.6686427829,professional
2,13,14410.582710293,education
2,13,25061.2006977543,personal
2,15,57988.502510347,professional
1,16,93669.1779246896,professional
1,16,100293.090417492,professional
2,12,8983.19368428298,education
2,13,15806.6133876466,education
2,16,84223.8988726754,professional
2,13,34815.0694595578,personal
2,18,176097.112056355,education
1,15,53008.7859858717,professional
2,12,15487.7752123007,health
1,16,80013.9828125268,education
1,15,61217.5804270343,health
2,14,38212.8604494969,health
1,13,11618.9707383286,education
2,11,25336.9726260946,personal
2,13,21710.4365348606,retail
1,13,22343.9159176783,professional
1,15,72120.1415867227,professional
1,18,156163.697432561,professional
2,12,9258.71552974043,education
1,15,41278.8412544014,education
1,16,69559.0874895121,manufacturing
1,14,57760.0857258855,manufacturing
1,12,34993.007456411,personal
1,16,76428.309459649,professional
1,14,23253.9679567301,health
1,12,25132.7622569176,manufacturing
1,16,104826.149792286,professional
2,15,46704.8789499048,health
1,11,9454.46710848379,retail
2,17,54367.0246829968,manufacturing
2,10,10445.819072885,retail
1,10,14062.6230750738,manufacturing
1,18,295373.727383017,professional
2,15,59628.0926094606,professional
1,13,35166.1433732371,professional
1,14,21053.3681928287,health
2,15,36444.69843873,health
1,11,20239.2540321135,personal
2,15,48335.2172625466,manufacturing
2,15,68407.6494877428,education
2,14,22452.1706117298,manufacturing
2,14,24014.4412105375,education
1,13,42161.2236492132,personal
2,12,13168.7955309371,professional
1,13,30659.3226507121,professional
2,17,117915.015021996,education
2,12,17396.3894337749,retail
2,13,35200.5488042628,personal
1,13,30587.6661808681,professional
1,11,19871.4959882952,professional
1,14,21508.3087241544,education
2,16,91019.4088832141,professional
2,17,93927.2478082919,professional
2,15,36965.3979677512,health
2,13,18170.5742173336,manufacturing
1,13,34071.1480970299,personal
2,15,29168.0062538101,education
2,16,78488.4190103701,professional
1,17,108880.769141058,professional
2,11,10251.7614312372,manufacturing
1,14,38041.5919691908,manufacturing
1,12,22114.0519474147,retail
2,13,23721.4264198081,professional
1,16,94347.4190267301,manufacturing
2,12,35079.4949687233,personal
2,12,15823.9300151004,retail
2,14,14792.1523382421,education
2,13,43839.3121853636,personal
2,13,13609.5818369461,education
2,16,70715.9560488787,professional
1,16,43097.0070501838,retail
1,15,82102.3872350832,manufacturing
2,14,16625.7235312914,education
1,15,58190.9355033159,health
1,12,8144.74588398295,education
1,15,57162.274910603,health
2,15,63104.3710245291,health
2,15,35025.5841457285,health
2,13,20302.2776301429,manufacturing
1,13,39333.7888501425,personal
1,12,15385.7449779242,retail
2,16,52211.4862021439,education
2,14,38709.7574445707,manufacturing
2,13,12910.0437465045,education
1,16,87985.8847354063,manufacturing
1,13,50627.8911250665,manufacturing
2,16,65029.6476982247,education
2,16,103196.754908571,professional
2,16,49342.8800915784,manufacturing
1,13,27989.9028984476,manufacturing
2,13,18509.9593098338,retail
1,16,78831.4862882272,health
2,14,45097.3272558916,personal
1,14,24302.0458994201,education
1,15,64577.0473378024,health
1,17,149872.550487663,health
2,14,24552.9466833388,retail
2,15,45493.0966168003,health
1,14,36579.8549964028,retail
1,17,130482.428191563,manufacturing
1,16,115803.679994331,professional
2,12,22168.069541199,personal
2,12,12150.3572589569,manufacturing
1,13,25737.3091710303,manufacturing
1,15,69058.2438502983,professional
1,12,20668.0280015421,retail
2,18,190141.556051903,professional
2,15,31410.0921405332,retail
1,12,34319.4395553318,personal
1,16,145318.339120126,professional
2,17,110981.973260593,health
1,18,226158.807770649,professional
1,14,61498.4084913408,professional
2,14,31421.7501280685,personal
1,12,16102.5494768193,health
2,14,25769.8938751271,professional
2,14,21691.897708206,education
2,12,14745.7902274859,professional
1,14,24065.7115824569,health
2,14,25286.7893461254,retail
2,12,23272.223910964,retail
1,15,45593.0236620153,education
2,10,6507.3347138028,professional
1,13,13985.4476201986,education
1,14,27406.2619021344,health
1,13,32802.2075964816,manufacturing
2,15,43045.5044820646,education
2,13,26026.6784139346,personal
1,12,27369.8640459601,personal
2,17,148670.868272149,health
1,15,41622.9069782863,manufacturing
2,15,60457.0717080986,health
2,15,46319.3042331657,personal
1,15,47680.0880172481,personal
2,16,44618.7843821085,health
1,14,35924.2350360321,manufacturing
2,12,11896.4202351331,retail
1,13,24452.0941778574,personal
1,16,110984.648528446,health
2,12,6783.68115629262,education
2,13,28324.0132643068,retail
1,18,170645.919386457,education
1,16,60783.8688852856,health
2,12,9336.39863189905,health
1,20,445731.952825104,education
2,11,12453.0420139102,retail
2,14,23294.088461571,retail
2,14,18688.1620559427,retail
1,13,27185.1729748847,professional
1,12,16406.401089142,retail
2,14,29671.0444152797,retail
2,15,33290.3457399035,personal
2,18,209098.060800799,professional
2,12,14547.8604468492,manufacturing
2,13,25941.0194754886,personal
1,13,44916.7891822327,professional
2,13,31194.8514617771,professional
1,12,37973.2286172108,personal
1,10,10485.4057162502,retail
1,14,19031.4686763379,education
2,13,18831.2672486252,health
2,16,80010.6263950525,professional
2,14,33434.6755630156,professional
2,17,95253.5328047651,professional
2,18,76881.016389533,manufacturing
2,14,36101.6642698081,health
2,12,13015.1584753883,health
1,17,89630.2962542602,manufacturing
1,14,32720.8220276327,retail
1,16,74588.5307376098,professional
2,14,26365.4469760995,manufacturing
2,15,56156.3367396942,manufacturing
2,11,8171.7374252407,manufacturing
2,17,85960.4214269137,manufacturing
1,15,46801.6086403638,professional
2,11,11130.711609857,professional
2,15,80793.7574363069,professional
1,13,25071.1544457094,retail
2,11,20982.845299561,personal
1,12,7076.49380726481,education
1,13,21357.9059546554,health
1,12,23203.0065435766,professional
1,15,37608.5572815922,education
2,15,34624.1633972647,education
1,14,45564.1934074101,manufacturing
1,14,47035.3909311669,manufacturing
1,15,53100.5221991125,education
1,18,249287.270501053,professional
1,15,93953.0581453167,manufacturing
2,15,36054.225532515,health
1,17,177358.070775519,professional
1,14,28144.7593270317,health
1,13,16662.4269570614,health
2,17,122242.569348105,professional
1,14,49834.0883220868,personal
2,15,26388.5038015672,manufacturing
2,15,33384.4790208147,retail
1,15,134511.408571289,professional
2,12,6261.73239284086,education
2,11,13452.3552387622,retail
1,13,19870.0787285296,health
2,16,45069.4155081933,manufacturing
2,14,40772.8892994386,manufacturing
1,14,36601.352592692,health
1,14,44153.4811504342,manufacturing
2,15,26472.8819467247,personal
2,15,34531.0955035093,retail
2,15,59083.5292411333,professional
1,12,27711.9608079427,personal
2,14,26347.8999312225,retail
2,14,28811.6443624091,education
2,13,33809.2624144299,personal
2,14,41745.9255456709,professional
1,13,29750.7990588634,personal
1,16,96454.0697823425,education
1,13,15815.891975764,manufacturing
1,15,68333.369250668,professional
1,14,65865.6998583598,manufacturing
1,15,63042.8966067268,manufacturing
2,17,94979.9929865756,education
2,14,25372.1054505078,manufacturing
1,17,135742.554632749,professional
1,12,9864.37007244165,education
1,16,56929.1408737071,health
1,11,17946.088902771,retail
1,14,57593.4897193062,health
1,10,7995.37152381608,professional
2,16,28145.2859656812,retail
1,12,6123.96927849533,education
2,12,6700.95938574153,education
1,12,7454.08284221737,education
1,15,16946.6698771232,personal
1,12,33202.550592629,professional
1,13,10057.7163138297,education
1,15,57009.3229245714,manufacturing
2,14,13227.191684851,education
1,17,121621.056650631,manufacturing
2,11,3166.49095077366,education
2,14,28108.7581810863,health
2,14,20298.8927879053,manufacturing
1,14,44721.3122083944,personal
1,16,70774.4471038381,education
1,12,19093.3831006201,manufacturing
2,13,8717.07037778728,education
2,8,2932.47603802902,health
1,17,130826.527846533,health
1,15,80096.2697883605,professional
2,15,76098.2519813077,professional
2,12,17211.6581752332,professional
1,13,43066.3032771385,personal
2,12,13121.354468589,health
2,14,35760.0020209988,professional
1,16,134239.845848086,professional
2,15,37640.5542255639,personal
1,15,64189.0085195381,professional
1,15,53725.2754966806,education
2,15,48492.6360755357,health
2,16,59893.8330052752,education
1,15,38232.2234340074,health
2,12,23608.4298302071,manufacturing
2,14,31309.7473810018,health
2,12,15873.0537697172,health
1,17,178208.115301214,education
1,11,9081.13583729164,health
1,13,25893.1812101224,health
2,14,29555.1668598496,retail
1,14,42726.470667728,manufacturing
1,16,86430.3170691534,education
2,14,13109.676558239,education
2,13,12041.199247261,manufacturing
1,15,127325.976269388,professional
1,12,30589.3791579728,professional
1,15,75343.9373965756,manufacturing
2,15,50378.9793572996,personal
1,13,47808.6631255001,personal
1,12,38114.8483977053,personal
2,12,9249.21840845582,health
1,12,23733.2837992069,manufacturing
2,12,18901.1607460462,manufacturing
2,17,64677.1214635723,personal
1,10,30331.2238216627,personal
1,17,81958.5768668074,professional
2,10,2996.01661796298,education
2,18,168372.850295673,professional
2,13,24007.5487162033,retail
2,14,22598.4943588613,health
1,16,63157.2062647883,manufacturing
2,17,153980.247986371,professional
1,12,18576.2639196051,manufacturing
1,15,35325.2734320316,retail
1,17,181633.206786077,professional
2,18,212667.185381768,professional
2,12,13909.3256333486,manufacturing
2,12,28031.0684722926,retail
2,15,31213.7073248686,manufacturing
1,11,15032.2956648633,health
2,11,25549.3009788474,personal
1,14,25340.0471406116,manufacturing
2,16,52923.7826858773,health
2,19,312812.936251071,education
2,9,4150.87631931819,health
1,14,24870.4193981642,education
1,16,96918.1652199707,education
2,17,110265.58846907,professional
2,16,83932.2333296782,professional
2,16,74478.9893667385,health
2,15,35973.7673552663,professional
2,12,5640.69917968601,education
2,14,19634.7074028201,retail
2,12,5228.29625475679,education
1,16,30903.5995375101,retail
2,17,73564.6216582865,education
1,12,18628.4073792434,retail
1,16,62022.0712471418,manufacturing
2,13,28944.152795003,professional
1,13,29743.6004876361,manufacturing
1,13,30283.2086352242,manufacturing
2,16,77035.6719929076,professional
1,15,28894.9005776714,health
1,14,34741.169752505,retail
1,15,56037.1657015656,professional
1,17,114679.460681142,manufacturing
1,12,32422.493196646,manufacturing
2,13,11445.5294340522,education
1,15,46194.8343878072,manufacturing
1,16,47557.5341132717,health
1,16,96929.2295329265,manufacturing
1,13,47688.538187139,manufacturing
2,12,11815.1502215444,health
1,11,4319.29598592003,education
2,13,18365.9209138209,health
2,16,72947.787970064,education
2,12,8776.68322307446,health
2,16,60202.2554393827,health
1,15,35414.0347592782,manufacturing
1,10,34078.3470132248,personal
2,16,86530.5365661747,education
1,17,185326.560171145,professional
2,14,33543.4307840002,manufacturing
2,16,39763.5583827359,retail
2,12,38613.7055149623,personal
1,15,50597.4876866588,retail
2,17,106724.101777369,health
1,16,76715.574598694,manufacturing
1,13,26213.3387797365,manufacturing
1,12,11644.6140536692,health
2,14,29924.5886257497,health
2,13,17504.0478502265,retail
2,14,39746.476153319,health
2,19,210155.138509126,education
1,15,43228.0079388806,professional
2,17,56609.7306582794,manufacturing
1,14,54762.6422221205,professional
2,14,30592.9625392885,retail
2,15,31258.2998688184,manufacturing
2,15,49462.9027957059,professional
2,14,17338.6488359469,manufacturing
2,11,14161.0715950499,manufacturing
1,11,17155.2792653744,professional
1,16,46012.4350350024,education
2,15,70826.3197912203,professional
1,10,3096.91226756247,education
1,14,29745.3126634557,professional
1,15,38472.7716479475,retail
1,12,34021.7551594155,manufacturing
2,12,25260.4062897767,personal
2,16,69305.9847757627,health
2,12,13936.1269401505,manufacturing
1,16,81936.1116439895,health
2,17,151551.819502723,education
2,10,2863.11387971178,education
2,13,18841.7706362183,manufacturing
2,12,7835.41076076148,education
1,14,25975.682399056,education
2,11,6938.03770741481,health
1,10,26788.7583202167,personal
2,17,67425.9731778222,manufacturing
2,18,211244.385394479,professional
2,13,11021.4152294213,education
1,15,54167.8400246236,health
2,11,32054.0878986975,personal
1,12,19319.709474833,retail
1,10,10314.8721933059,health
2,14,40706.2467327021,health
2,12,36151.671154031,personal
1,19,306071.807379457,professional
